{
  "as_of": "2023-09-20",
  "file_type": "OCF_MANIFEST_FILE",
  "generated_at": "2023-09-20T00:00:00-05:00",
  "issuer": {
    "country_of_formation": "US",
    "country_subdivision_of_formation": "DE",
    "dba": "Test Inc.",
    "formation_date": "2010-01-01",
    "id": "8F5E0BD8-8AC0-4276-AA71-A5B888C5F423",
    "legal_name": "Test Company and Sons",
    "object_type": "ISSUER",
    "tax_ids": [
      {
        "tax_id": "34-2345123",
        "country": "US"
      }
    ],
    "email": {
      "email_address": "ceo@testcompany.com",
      "email_type": "BUSINESS"
    },
    "phone": {
      "phone_number": "+1 612 234 2345",
      "phone_type": "MOBILE"
    },
    "address": {
      "address_type": "LEGAL",
      "street_suite": "1234 Main Street\nSuite 4",
      "city": "Small Town",
      "country_subdivision": "TX",
      "country": "US",
      "postal_code": "12345"
    },
    "comments": ["Test Issuer", "Generated by Mantle"]
  },
  "ocf_version": "1.1.0",
  "stakeholders_files": [
    {
      "filepath": "stakeholders.ocf.json",
      "md5": "12c14ee9ac8e71a120cee15d075ecea6"
    }
  ],
  "stock_classes_files": [
    {
      "filepath": "stock_classes.ocf.json",
      "md5": "45bbd5a565154f8c4a762c3d4fd711f1"
    }
  ],
  "stock_legend_templates_files": [
    {
      "filepath": "stock_legends.ocf.json",
      "md5": "931d44dbd132cc09aef64ae4bab61987"
    }
  ],
  "stock_plans_files": [
    {
      "filepath": "stock_plans.ocf.json",
      "md5": "c3e68dd645c6ab810f036923706355c8"
    }
  ],
  "transactions_files": [
    {
      "filepath": "transactions.ocf.json",
      "md5": "ab35839164924530cac5eecbb19f2c4d"
    }
  ],
  "valuations_files": [
    {
      "filepath": "valuations.ocf.json",
      "md5": "2a284a50fed8a0d07f10ed36edb14fc5"
    }
  ],
  "vesting_terms_files": [
    {
      "filepath": "vesting_terms.ocf.json",
      "md5": "c386f2a435dcb00ff89e08f30ed8e843"
    }
  ]
}
