{
  "file_type": "OCF_STOCK_PLANS_FILE",
  "items": [
    {
      "id": "fc4e605e-4996-4311-b97b-0c38ca229811",
      "object_type": "STOCK_PLAN",
      "plan_name": "Common Non-Voting Stock Options Plan",
      "stock_class_id": "A42B7615-6166-4BC9-AADE-E61136F0358B",
      "board_approval_date": "2022-11-14",
      "stockholder_approval_date": "2022-11-14",
      "initial_shares_reserved": "30000",
      "default_cancellation_behavior": "RETURN_TO_POOL",
      "comments": ["Test Stock Options Plan", "Generated by Mantle"]
    },
    {
      "id": "A36EE4D1-D958-498B-BB9E-4CE380B17ACD",
      "object_type": "STOCK_PLAN",
      "plan_name": "Common Voting Stock Options Plan",
      "board_approval_date": "2022-11-15",
      "stockholder_approval_date": "2022-11-16",
      "stock_class_id": "0140DCC4-10AD-4C71-A6BD-4AD5FC44A63D",
      "initial_shares_reserved": "22500",
      "default_cancellation_behavior": "RETIRE",
      "comments": ["Test Stock Options Plan", "Generated by Mantle"]
    },
    {
      "id": "5FAEE4C8-63E9-405D-8652-97D3CF9E0E9C",
      "object_type": "STOCK_PLAN",
      "plan_name": "Preferred Stock Options Plan",
      "board_approval_date": "2022-11-16",
      "stockholder_approval_date": "2022-11-17",
      "stock_class_id": "1018CC47-78F2-4A00-B267-CE695AAE7F20",
      "initial_shares_reserved": "15000",
      "default_cancellation_behavior": "DEFINED_PER_PLAN_SECURITY",
      "comments": ["Test Stock Options Plan", "Generated by Mantle"]
    }
  ]
}
