{
  "file_type": "OCF_STOCK_CLASSES_FILE",
  "items": [
    {
      "id": "A42B7615-6166-4BC9-AADE-E61136F0358B",
      "object_type": "STOCK_CLASS",
      "name": "Common Non-Voting Stock",
      "class_type": "COMMON",
      "default_id_prefix": "CS-",
      "initial_shares_authorized": "UNLIMITED",
      "board_approval_date": "2022-11-14",
      "stockholder_approval_date": "2022-11-14",
      "par_value": {
        "amount": "0.00001",
        "currency": "USD"
      },
      "price_per_share": {
        "amount": "0.50",
        "currency": "USD"
      },
      "conversion_rights": [
        {
          "converts_to_stock_class_id": "0140DCC4-10AD-4C71-A6BD-4AD5FC44A63D",
          "conversion_mechanism": {
            "type": "RATIO_CONVERSION",
            "conversion_price": {
              "amount": "0.50",
              "currency": "USD"
            },
            "rounding_type": "NORMAL",
            "ratio": {
              "numerator": "3",
              "denominator": "2"
            }
          }
        }
      ],
      "votes_per_share": "0",
      "liquidation_preference_multiple": "1",
      "participation_cap_multiple": "1",
      "seniority": "1",
      "comments": ["Test Stock Class", "Generated by Mantle"]
    },
    {
      "id": "0140DCC4-10AD-4C71-A6BD-4AD5FC44A63D",
      "object_type": "STOCK_CLASS",
      "name": "Common Voting Stock",
      "class_type": "COMMON",
      "default_id_prefix": "CVS-",
      "initial_shares_authorized": "UNLIMITED",
      "board_approval_date": "2022-11-15",
      "stockholder_approval_date": "2022-11-16",
      "par_value": {
        "amount": "0.000015",
        "currency": "USD"
      },
      "price_per_share": {
        "amount": "0.75",
        "currency": "USD"
      },
      "votes_per_share": "1",
      "liquidation_preference_multiple": "1",
      "participation_cap_multiple": "1",
      "seniority": "2",
      "comments": ["Test Stock Class", "Generated by Mantle"]
    },
    {
      "id": "1018CC47-78F2-4A00-B267-CE695AAE7F20",
      "object_type": "STOCK_CLASS",
      "name": "Preferred Stock",
      "class_type": "PREFERRED",
      "default_id_prefix": "PS-",
      "initial_shares_authorized": "10000000.00",
      "board_approval_date": "2022-11-16",
      "stockholder_approval_date": "2022-11-17",
      "par_value": {
        "amount": "0.00002",
        "currency": "USD"
      },
      "price_per_share": {
        "amount": "1.00",
        "currency": "USD"
      },
      "conversion_rights": [
        {
          "converts_to_future_round": true,
          "conversion_mechanism": {
            "type": "RATIO_CONVERSION",
            "conversion_price": {
              "amount": "1.00",
              "currency": "USD"
            },
            "rounding_type": "NORMAL",
            "ratio": {
              "numerator": "1",
              "denominator": "1"
            }
          }
        }
      ],
      "votes_per_share": "1",
      "liquidation_preference_multiple": "2",
      "participation_cap_multiple": "0.5",
      "seniority": "3",
      "comments": ["Test Stock Class", "Generated by Mantle"]
    }
  ]
}
