{
  "file_type": "OCF_STOCK_CLASSES_FILE",
  "items": [
    {
      "id": "A42B7615-6166-4BC9-AADE-E61136F0358B",
      "object_type": "STOCK_CLASS",
      "name": "Common Non-Voting Stock",
      "class_type": "COMMON",
      "default_id_prefix": "CS-",
      "initial_shares_authorized": "UNLIMITED",
      "votes_per_share": "0",
      "seniority": "1"
    },
    {
      "id": "1018CC47-78F2-4A00-B267-CE695AAE7F20",
      "object_type": "STOCK_CLASS",
      "name": "Preferred Stock",
      "class_type": "PREFERRED",
      "default_id_prefix": "PS-",
      "initial_shares_authorized": "10000000.00",
      "votes_per_share": "1",
      "seniority": "2"
    }
  ]
}
