{
  "file_type": "OCF_STOCK_LEGEND_TEMPLATES_FILE",
  "items": [
    {
      "id": "f04e7c40-0a64-4d2e-9208-8828098d73d5",
      "object_type": "STOCK_LEGEND_TEMPLATE",
      "comments": ["Test Stock Legend", "Generated by Mantle"],
      "name": "1933 Act Legend",
      "text": "THE SHARES REPRESENTED HEREBY HAVE NOT BEEN REGISTERED UNDER THE SECURITIES ACT OF 1933, AND HAVE BEEN ACQUIRED FOR INVESTMENT AND NOT WITH A VIEW TO, OR IN CONNECTION WITH, THE SALE OR DISTRIBUTION THEREOF. NO SUCH TRANSFER MAY BE EFFECTED WITHOUT AN EFFECTIVE REGISTRATION STATEMENT RELATED THERETO OR AN OPINION OF COUNSEL IN A FORM SATISFACTORY TO THE COMPANY THAT SUCH REGISTRATION IS NOT REQUIRED UNDER THE SECURITIES ACT OF 1933."
    },
    {
      "id": "1B3F5D67-9A4A-463A-8CF6-6DBC4E3C44DC",
      "object_type": "STOCK_LEGEND_TEMPLATE",
      "comments": ["Test Stock Legend", "Generated by Mantle"],
      "name": "Multi-line Preferred Shares Legend",
      "text": "THE SHARES REPRESENTED HEREBY MAY NOT BE SOLD, ASSIGNED, TRANSFERRED, OR IN ANY MANNER DISPOSED OF, EXCEPT\nIN COMPLIANCE WITH THE TERMS OF A WRITTEN AGREEMENT BETWEEN THE COMPANY AND THE REGISTERED HOLDER OF THE SHARES.\nSUCH AGREEMENT GRANTS TO THE COMPANY CERTAIN RIGHTS OF FIRST REFUSAL UPON AN\nATTEMPTED TRANSFER OF THE SHARES. THE SECRETARY OF THE COMPANY WILL UPON WRITTEN REQUEST FURNISH A COPY OF SUCH\nAGREEMENT TO THE HOLDER HEREOF. THE SHARES REPRESENTED HEREBY HAVE NOT BEEN REGISTERED UNDER THE\nSECURITIES ACT OF 1933, AS AMENDED, AND MAY NOT BE SOLD, PLEDGED, OR OTHERWISE TRANSFERRED WITHOUT AN EFFECTIVE\nREGISTRATION THEREOF UNDER SUCH ACT OR AN OPINION OF COUNSEL, SATISFACTORY TO THE COMPANY AND ITS COUNSEL, THAT SUCH\nREGISTRATION IS NOT REQUIRED.\n"
    }
  ]
}
